{"cameraMode":{"drawMode":0,"name":"Shaded","section":"Shading Mode"},"sceneLighting":false,"audioPlay":false,"sceneViewState":{"showFog":false,"showMaterialUpdate":false,"showSkybox":false,"showFlares":false,"showImageEffects":false,"showParticleSystems":false},"in2DMode":false,"pivot":{"x":5.712792873382568,"y":1.2930939197540284,"z":-0.05728381872177124},"rotation":{"x":-0.00011853307660203427,"y":0.9950768947601318,"z":-0.09914687275886536,"w":-0.0011931904591619969},"size":0.2926049828529358,"orthographic":false}