{"cameraMode":{"drawMode":0,"name":"Shaded","section":"Shading Mode"},"sceneLighting":true,"audioPlay":false,"sceneViewState":{"showFog":true,"showMaterialUpdate":false,"showSkybox":true,"showFlares":true,"showImageEffects":true,"showParticleSystems":true},"in2DMode":false,"pivot":{"x":4.455508708953857,"y":3.6056318283081056,"z":-12.421035766601563},"rotation":{"x":0.03478581830859184,"y":-0.9491045475006104,"z":0.11177083849906922,"w":0.292889267206192},"size":6.162300109863281,"orthographic":false}