{"cameraMode":{"drawMode":0,"name":"Shaded","section":"Shading Mode"},"sceneLighting":false,"audioPlay":false,"sceneViewState":{"showFog":false,"showMaterialUpdate":false,"showSkybox":false,"showFlares":false,"showImageEffects":false,"showParticleSystems":false},"in2DMode":false,"pivot":{"x":-7.947174549102783,"y":6.724231719970703,"z":49.64583969116211},"rotation":{"x":-0.018911466002464296,"y":-0.9791439175605774,"z":0.17211998999118806,"w":-0.10801031440496445},"size":1.8339745998382569,"orthographic":false}