{"cameraMode":{"drawMode":0,"name":"Shaded","section":"Shading Mode"},"sceneLighting":true,"audioPlay":false,"sceneViewState":{"showFog":true,"showMaterialUpdate":false,"showSkybox":true,"showFlares":true,"showImageEffects":true,"showParticleSystems":true},"in2DMode":false,"pivot":{"x":155.7283935546875,"y":-71.53334045410156,"z":-384.7701110839844},"rotation":{"x":0.02172229439020157,"y":0.9746366739273071,"z":-0.19433295726776124,"w":0.10892743617296219},"size":384.2290954589844,"orthographic":false}