{"cameraMode":{"drawMode":0,"name":"Shaded","section":"Shading Mode"},"sceneLighting":true,"audioPlay":false,"sceneViewState":{"showFog":true,"showMaterialUpdate":false,"showSkybox":true,"showFlares":true,"showImageEffects":true,"showParticleSystems":true},"in2DMode":false,"pivot":{"x":-597.82177734375,"y":-231.48968505859376,"z":-295.72735595703127},"rotation":{"x":0.09153670817613602,"y":-0.8389844298362732,"z":0.14904183149337769,"w":0.5153000354766846},"size":384.2290954589844,"orthographic":false}