{"cameraMode":{"drawMode":0,"name":"Shaded","section":"Shading Mode"},"sceneLighting":true,"audioPlay":false,"sceneViewState":{"showFog":false,"showMaterialUpdate":false,"showSkybox":false,"showFlares":false,"showImageEffects":false,"showParticleSystems":false},"in2DMode":false,"pivot":{"x":-3.066835403442383,"y":0.9520835876464844,"z":-2.96284556388855},"rotation":{"x":0.08532921224832535,"y":-0.8569586873054504,"z":0.15063418447971345,"w":0.4854390323162079},"size":14.2210054397583,"orthographic":false}