{"cameraMode":{"drawMode":0,"name":"Shaded","section":"Shading Mode"},"sceneLighting":true,"audioPlay":false,"sceneViewState":{"showFog":true,"showMaterialUpdate":true,"showSkybox":true,"showFlares":true,"showImageEffects":true,"showParticleSystems":true},"in2DMode":false,"pivot":{"x":21.0262451171875,"y":-194.03707885742188,"z":64.7559814453125},"rotation":{"x":-0.14810334146022798,"y":0.1988508403301239,"z":-0.030658917501568795,"w":-0.9684034585952759},"size":1073.247802734375,"orthographic":false}