{"cameraMode":{"drawMode":0,"name":"Shaded","section":"Shading Mode"},"sceneLighting":false,"audioPlay":false,"sceneViewState":{"showFog":true,"showMaterialUpdate":false,"showSkybox":true,"showFlares":true,"showImageEffects":true,"showParticleSystems":true},"in2DMode":false,"pivot":{"x":5.771574974060059,"y":5.362227916717529,"z":2.237130880355835},"rotation":{"x":-0.12756527960300446,"y":0.8127012252807617,"z":-0.19398659467697144,"w":-0.5344313979148865},"size":5.253805637359619,"orthographic":false}